epoch,step,test/AP/Truck,test/F1,test/loss,test/mAP_50,test/mAP_50_95,test/mAP_75,test/mAR,test/precision,test/recall,train/cardinality_error,train/cardinality_error_0,train/cardinality_error_1,train/cardinality_error_2,train/cardinality_error_enc,train/class_error,train/loss,train/loss_bbox,train/loss_bbox_0,train/loss_bbox_1,train/loss_bbox_2,train/loss_bbox_enc,train/loss_ce,train/loss_ce_0,train/loss_ce_1,train/loss_ce_2,train/loss_ce_enc,train/loss_giou,train/loss_giou_0,train/loss_giou_1,train/loss_giou_2,train/loss_giou_enc,train/lr,train/lr_max,train/lr_min,val/AP/Truck,val/F1,val/cardinality_error,val/cardinality_error_0,val/cardinality_error_1,val/cardinality_error_2,val/cardinality_error_enc,val/class_error,val/ema_mAP_50,val/ema_mAP_50_95,val/ema_mAR,val/loss,val/loss_bbox,val/loss_bbox_0,val/loss_bbox_1,val/loss_bbox_2,val/loss_bbox_enc,val/loss_ce,val/loss_ce_0,val/loss_ce_1,val/loss_ce_2,val/loss_ce_enc,val/loss_giou,val/loss_giou_0,val/loss_giou_1,val/loss_giou_2,val/loss_giou_enc,val/mAP_50,val/mAP_50_95,val/mAP_75,val/mAR,val/precision,val/recall
0,49,,,,,,,,,,,,,,,,,,,,,,,,,,,,,,,,9.999999747378752e-05,9.999999747378752e-05,3.232564267818816e-06,,,,,,,,,,,,,,,,,,,,,,,,,,,,,,,,,
0,99,,,,,,,,,,,,,,,,,,,,,,,,,,,,,,,,9.999999747378752e-05,9.999999747378752e-05,3.232564267818816e-06,,,,,,,,,,,,,,,,,,,,,,,,,,,,,,,,,
0,149,,,,,,,,,,,,,,,,,,,,,,,,,,,,,,,,9.999999747378752e-05,9.999999747378752e-05,3.232564267818816e-06,,,,,,,,,,,,,,,,,,,,,,,,,,,,,,,,,
0,199,,,,,,,,,,,,,,,,,,,,,,,,,,,,,,,,9.999999747378752e-05,9.999999747378752e-05,3.232564267818816e-06,,,,,,,,,,,,,,,,,,,,,,,,,,,,,,,,,
0,232,,,,,,,,,,,,,,,,,,,,,,,,,,,,,,,,,,,0.748466432094574,0.9947313070297241,0.010638297535479069,0.010638297535479069,0.010638297535479069,0.012765957042574883,0.029787234961986542,0.0,0.9991300106048584,0.7563632726669312,0.8318565487861633,4.1157450675964355,0.02706582471728325,0.027000000700354576,0.027236266061663628,0.027514895424246788,0.03527813032269478,0.38893526792526245,0.3978343605995178,0.39545661211013794,0.3915359675884247,0.46495309472084045,0.12914404273033142,0.1290091872215271,0.1293901801109314,0.1306363195180893,0.1600971519947052,0.9989979863166809,0.748466432094574,0.9514827132225037,0.8308016657829285,0.9936842322349548,0.9957805871963501
0,232,,,,,,,,,,10.988734245300293,9.6378755569458,10.653701782226562,10.980687141418457,9.446619987487793,3.0610451698303223,5.253448009490967,0.035011664032936096,0.03465167060494423,0.034445200115442276,0.03474223241209984,0.04484587907791138,0.505903422832489,0.6050927639007568,0.5234931111335754,0.5092512965202332,0.6579294204711914,0.14774350821971893,0.1462906152009964,0.14565521478652954,0.14680014550685883,0.1801571547985077,,,,,,,,,,,,,,,,,,,,,,,,,,,,,,,,,,,,
1,249,,,,,,,,,,,,,,,,,,,,,,,,,,,,,,,,9.999999747378752e-05,9.999999747378752e-05,3.232564267818816e-06,,,,,,,,,,,,,,,,,,,,,,,,,,,,,,,,,
1,299,,,,,,,,,,,,,,,,,,,,,,,,,,,,,,,,9.999999747378752e-05,9.999999747378752e-05,3.232564267818816e-06,,,,,,,,,,,,,,,,,,,,,,,,,,,,,,,,,
1,349,,,,,,,,,,,,,,,,,,,,,,,,,,,,,,,,9.999999747378752e-05,9.999999747378752e-05,3.232564267818816e-06,,,,,,,,,,,,,,,,,,,,,,,,,,,,,,,,,
1,399,,,,,,,,,,,,,,,,,,,,,,,,,,,,,,,,9.999999747378752e-05,9.999999747378752e-05,3.232564267818816e-06,,,,,,,,,,,,,,,,,,,,,,,,,,,,,,,,,
1,449,,,,,,,,,,,,,,,,,,,,,,,,,,,,,,,,9.999999747378752e-05,9.999999747378752e-05,3.232564267818816e-06,,,,,,,,,,,,,,,,,,,,,,,,,,,,,,,,,
1,465,,,,,,,,,,,,,,,,,,,,,,,,,,,,,,,,,,,0.7404446005821228,0.9957805871963501,0.010638297535479069,0.012765957042574883,0.008510638028383255,0.010638297535479069,0.0191489364951849,0.0,0.9995057582855225,0.7608245015144348,0.8432489633560181,4.000697135925293,0.027771614491939545,0.026203792542219162,0.027091994881629944,0.027679620310664177,0.030297422781586647,0.3939466178417206,0.37877535820007324,0.39028701186180115,0.39601969718933105,0.43393170833587646,0.12934991717338562,0.12414813041687012,0.1268325001001358,0.12871651351451874,0.14721061289310455,0.9991379976272583,0.7404446005821228,0.9260773062705994,0.8263713121414185,0.9957805871963501,0.9957805871963501
1,465,,,,,,,,,,11.923283576965332,11.795332908630371,11.886534690856934,11.924356460571289,11.881706237792969,0.05158408731222153,4.529974937438965,0.033903270959854126,0.033868271857500076,0.03361373022198677,0.033749133348464966,0.04321686923503876,0.4147213101387024,0.42236265540122986,0.4143127501010895,0.41433224081993103,0.48106107115745544,0.1433495432138443,0.14288252592086792,0.14229825139045715,0.1429067999124527,0.17427614331245422,,,,,,,,,,,,,,,,,,,,,,,,,,,,,,,,,,,,
2,499,,,,,,,,,,,,,,,,,,,,,,,,,,,,,,,,9.999999747378752e-05,9.999999747378752e-05,3.232564267818816e-06,,,,,,,,,,,,,,,,,,,,,,,,,,,,,,,,,
2,549,,,,,,,,,,,,,,,,,,,,,,,,,,,,,,,,9.999999747378752e-05,9.999999747378752e-05,3.232564267818816e-06,,,,,,,,,,,,,,,,,,,,,,,,,,,,,,,,,
2,599,,,,,,,,,,,,,,,,,,,,,,,,,,,,,,,,9.999999747378752e-05,9.999999747378752e-05,3.232564267818816e-06,,,,,,,,,,,,,,,,,,,,,,,,,,,,,,,,,
2,649,,,,,,,,,,,,,,,,,,,,,,,,,,,,,,,,9.999999747378752e-05,9.999999747378752e-05,3.232564267818816e-06,,,,,,,,,,,,,,,,,,,,,,,,,,,,,,,,,
2,698,,,,,,,,,,,,,,,,,,,,,,,,,,,,,,,,,,,0.758139431476593,0.9936708807945251,0.014893617480993271,0.01702127605676651,0.012765957042574883,0.01702127605676651,0.025531914085149765,0.0,0.9997938275337219,0.7676419019699097,0.846624493598938,3.959825277328491,0.025495853275060654,0.02520541101694107,0.025293296203017235,0.02542465552687645,0.03371260315179825,0.3910517394542694,0.3880676031112671,0.3863579034805298,0.389890193939209,0.440225750207901,0.12290040403604507,0.1212349459528923,0.12139289081096649,0.12178731709718704,0.1569707989692688,0.9984244108200073,0.758139431476593,0.957002580165863,0.8299577832221985,0.9936708807945251,0.9936708807945251
2,698,,,,,,,,,,12.015558242797852,11.93776798248291,11.990880012512207,12.02950668334961,12.044795989990234,0.0020630962681025267,4.3805437088012695,0.032669372856616974,0.03271446377038956,0.03253251686692238,0.03256355598568916,0.0412873737514019,0.40651214122772217,0.4073517322540283,0.4051704704761505,0.4053484797477722,0.4646608829498291,0.1381463259458542,0.13756632804870605,0.13706572353839874,0.13760635256767273,0.16594664752483368,,,,,,,,,,,,,,,,,,,,,,,,,,,,,,,,,,,,
3,699,,,,,,,,,,,,,,,,,,,,,,,,,,,,,,,,9.999999747378752e-05,9.999999747378752e-05,3.232564267818816e-06,,,,,,,,,,,,,,,,,,,,,,,,,,,,,,,,,
3,749,,,,,,,,,,,,,,,,,,,,,,,,,,,,,,,,9.999999747378752e-05,9.999999747378752e-05,3.232564267818816e-06,,,,,,,,,,,,,,,,,,,,,,,,,,,,,,,,,
3,799,,,,,,,,,,,,,,,,,,,,,,,,,,,,,,,,9.999999747378752e-05,9.999999747378752e-05,3.232564267818816e-06,,,,,,,,,,,,,,,,,,,,,,,,,,,,,,,,,
3,849,,,,,,,,,,,,,,,,,,,,,,,,,,,,,,,,9.999999747378752e-05,9.999999747378752e-05,3.232564267818816e-06,,,,,,,,,,,,,,,,,,,,,,,,,,,,,,,,,
3,899,,,,,,,,,,,,,,,,,,,,,,,,,,,,,,,,9.999999747378752e-05,9.999999747378752e-05,3.232564267818816e-06,,,,,,,,,,,,,,,,,,,,,,,,,,,,,,,,,
3,931,,,,,,,,,,,,,,,,,,,,,,,,,,,,,,,,,,,0.752199649810791,0.9947090148925781,0.023404255509376526,0.008510638028383255,0.012765957042574883,0.023404255509376526,0.023404255509376526,0.0,0.9997534155845642,0.7721494436264038,0.8388185501098633,4.312699317932129,0.02714558131992817,0.026900585740804672,0.027196912094950676,0.02694324217736721,0.04844072461128235,0.3934454917907715,0.3918008804321289,0.3904757499694824,0.390949010848999,0.5173352360725403,0.12937170267105103,0.12906299531459808,0.13039997220039368,0.1282697170972824,0.20567387342453003,0.999691367149353,0.752199649810791,0.9526960253715515,0.8426160216331482,0.9978768825531006,0.9915611743927002
3,931,,,,,,,,,,11.998122215270996,11.928915977478027,11.989270210266113,12.002950668334961,11.965128898620605,-4.5841855467188e-07,4.347355842590332,0.03231124207377434,0.03248235955834389,0.03223272040486336,0.03227470442652702,0.039961181581020355,0.40350499749183655,0.40706589818000793,0.4042922854423523,0.40354329347610474,0.45523908734321594,0.13757361471652985,0.13778845965862274,0.13716453313827515,0.13745154440402985,0.16372166574001312,,,,,,,,,,,,,,,,,,,,,,,,,,,,,,,,,,,,
4,949,,,,,,,,,,,,,,,,,,,,,,,,,,,,,,,,9.999999747378752e-05,9.999999747378752e-05,3.232564267818816e-06,,,,,,,,,,,,,,,,,,,,,,,,,,,,,,,,,
4,999,,,,,,,,,,,,,,,,,,,,,,,,,,,,,,,,9.999999747378752e-05,9.999999747378752e-05,3.232564267818816e-06,,,,,,,,,,,,,,,,,,,,,,,,,,,,,,,,,
4,1049,,,,,,,,,,,,,,,,,,,,,,,,,,,,,,,,9.999999747378752e-05,9.999999747378752e-05,3.232564267818816e-06,,,,,,,,,,,,,,,,,,,,,,,,,,,,,,,,,
4,1099,,,,,,,,,,,,,,,,,,,,,,,,,,,,,,,,9.999999747378752e-05,9.999999747378752e-05,3.232564267818816e-06,,,,,,,,,,,,,,,,,,,,,,,,,,,,,,,,,
4,1149,,,,,,,,,,,,,,,,,,,,,,,,,,,,,,,,9.999999747378752e-05,9.999999747378752e-05,3.232564267818816e-06,,,,,,,,,,,,,,,,,,,,,,,,,,,,,,,,,
4,1164,,,,,,,,,,,,,,,,,,,,,,,,,,,,,,,,,,,0.7640275359153748,0.993697464466095,0.01702127605676651,0.014893617480993271,0.01702127605676651,0.012765957042574883,0.029787234961986542,0.0,0.9996076226234436,0.7714636325836182,0.8354430198669434,3.7981276512145996,0.025096407160162926,0.025129493325948715,0.025153255090117455,0.025220276787877083,0.027991605922579765,0.37316790223121643,0.38045623898506165,0.37832626700401306,0.37780293822288513,0.41577044129371643,0.1201469898223877,0.12083987146615982,0.12033462524414062,0.12062067538499832,0.13288193941116333,0.9989110827445984,0.7640275359153748,0.9756484031677246,0.8428270220756531,0.9895397424697876,0.997890293598175
4,1164,,,,,,,,,,12.023337364196777,11.910943984985352,11.965128898620605,12.006706237792969,11.973712921142578,-1.473488282499602e-07,4.283254146575928,0.031937625259160995,0.03232007473707199,0.03195087984204292,0.03191257268190384,0.04012162238359451,0.39535948634147644,0.39938458800315857,0.3976842164993286,0.3961133062839508,0.45752260088920593,0.13428515195846558,0.13503983616828918,0.13416720926761627,0.13419070839881897,0.16030512750148773,,,,,,,,,,,,,,,,,,,,,,,,,,,,,,,,,,,,
5,1199,,,,,,,,,,,,,,,,,,,,,,,,,,,,,,,,9.999999747378752e-05,9.999999747378752e-05,3.232564267818816e-06,,,,,,,,,,,,,,,,,,,,,,,,,,,,,,,,,
5,1249,,,,,,,,,,,,,,,,,,,,,,,,,,,,,,,,9.999999747378752e-05,9.999999747378752e-05,3.232564267818816e-06,,,,,,,,,,,,,,,,,,,,,,,,,,,,,,,,,
5,1299,,,,,,,,,,,,,,,,,,,,,,,,,,,,,,,,9.999999747378752e-05,9.999999747378752e-05,3.232564267818816e-06,,,,,,,,,,,,,,,,,,,,,,,,,,,,,,,,,
5,1349,,,,,,,,,,,,,,,,,,,,,,,,,,,,,,,,9.999999747378752e-05,9.999999747378752e-05,3.232564267818816e-06,,,,,,,,,,,,,,,,,,,,,,,,,,,,,,,,,
5,1397,,,,,,,,,,,,,,,,,,,,,,,,,,,,,,,,,,,0.7610911130905151,0.9926393032073975,0.01702127605676651,0.01702127605676651,0.012765957042574883,0.014893617480993271,0.014893617480993271,0.0,0.9991217851638794,0.7669492363929749,0.8447257280349731,3.873403310775757,0.02567378245294094,0.02546604350209236,0.02528039738535881,0.025345074012875557,0.029908105731010437,0.3814375102519989,0.38473817706108093,0.382171630859375,0.38039395213127136,0.4194946885108948,0.12364235520362854,0.12405820935964584,0.12244442850351334,0.12225933372974396,0.14099597930908203,0.999330997467041,0.7610911130905151,0.9597426652908325,0.844514787197113,0.9895178079605103,0.9957805871963501
5,1397,,,,,,,,,,12.021995544433594,11.945011138916016,11.98739242553711,12.022263526916504,12.014216423034668,-3.601860214530461e-07,4.271379470825195,0.031631022691726685,0.031773895025253296,0.031725894659757614,0.03164597600698471,0.039355892688035965,0.3972838819026947,0.4023568332195282,0.39839452505111694,0.39684584736824036,0.4505690336227417,0.13450899720191956,0.1347455233335495,0.1346113085746765,0.13442790508270264,0.1593400537967682,,,,,,,,,,,,,,,,,,,,,,,,,,,,,,,,,,,,
6,1399,,,,,,,,,,,,,,,,,,,,,,,,,,,,,,,,9.999999747378752e-05,9.999999747378752e-05,3.232564267818816e-06,,,,,,,,,,,,,,,,,,,,,,,,,,,,,,,,,
6,1449,,,,,,,,,,,,,,,,,,,,,,,,,,,,,,,,9.999999747378752e-05,9.999999747378752e-05,3.232564267818816e-06,,,,,,,,,,,,,,,,,,,,,,,,,,,,,,,,,
6,1499,,,,,,,,,,,,,,,,,,,,,,,,,,,,,,,,9.999999747378752e-05,9.999999747378752e-05,3.232564267818816e-06,,,,,,,,,,,,,,,,,,,,,,,,,,,,,,,,,
6,1549,,,,,,,,,,,,,,,,,,,,,,,,,,,,,,,,9.999999747378752e-05,9.999999747378752e-05,3.232564267818816e-06,,,,,,,,,,,,,,,,,,,,,,,,,,,,,,,,,
6,1599,,,,,,,,,,,,,,,,,,,,,,,,,,,,,,,,9.999999747378752e-05,9.999999747378752e-05,3.232564267818816e-06,,,,,,,,,,,,,,,,,,,,,,,,,,,,,,,,,
6,1630,,,,,,,,,,,,,,,,,,,,,,,,,,,,,,,,,,,0.7615541219711304,0.9936708807945251,0.023404255509376526,0.0191489364951849,0.023404255509376526,0.023404255509376526,0.029787234961986542,0.0,0.9995021820068359,0.7708189487457275,0.8537974953651428,4.06797456741333,0.025783058255910873,0.025371452793478966,0.025510065257549286,0.025667956098914146,0.039725162088871,0.3824695646762848,0.3889916241168976,0.3842608332633972,0.380790114402771,0.4783402383327484,0.12530183792114258,0.12127073109149933,0.12325114756822586,0.12387001514434814,0.17772315442562103,0.9997323751449585,0.7615541219711304,0.972130537033081,0.8590717315673828,0.9936708807945251,0.9936708807945251
6,1630,,,,,,,,,,11.919260025024414,11.892971992492676,11.89806842803955,11.925697326660156,11.930257797241211,0.0016500939382240176,4.238044261932373,0.03132599964737892,0.03141532838344574,0.03126974776387215,0.03130273148417473,0.037337642163038254,0.3964381217956543,0.3980588912963867,0.39671313762664795,0.39675143361091614,0.4423191249370575,0.13542591035366058,0.13542252779006958,0.1351114809513092,0.13532395660877228,0.15596947073936462,,,,,,,,,,,,,,,,,,,,,,,,,,,,,,,,,,,,
7,1649,,,,,,,,,,,,,,,,,,,,,,,,,,,,,,,,9.999999747378752e-05,9.999999747378752e-05,3.232564267818816e-06,,,,,,,,,,,,,,,,,,,,,,,,,,,,,,,,,
7,1699,,,,,,,,,,,,,,,,,,,,,,,,,,,,,,,,9.999999747378752e-05,9.999999747378752e-05,3.232564267818816e-06,,,,,,,,,,,,,,,,,,,,,,,,,,,,,,,,,
7,1749,,,,,,,,,,,,,,,,,,,,,,,,,,,,,,,,9.999999747378752e-05,9.999999747378752e-05,3.232564267818816e-06,,,,,,,,,,,,,,,,,,,,,,,,,,,,,,,,,
7,1799,,,,,,,,,,,,,,,,,,,,,,,,,,,,,,,,9.999999747378752e-05,9.999999747378752e-05,3.232564267818816e-06,,,,,,,,,,,,,,,,,,,,,,,,,,,,,,,,,
7,1849,,,,,,,,,,,,,,,,,,,,,,,,,,,,,,,,9.999999747378752e-05,9.999999747378752e-05,3.232564267818816e-06,,,,,,,,,,,,,,,,,,,,,,,,,,,,,,,,,
7,1863,,,,,,,,,,,,,,,,,,,,,,,,,,,,,,,,,,,0.7639089822769165,0.9947201609611511,0.010638297535479069,0.010638297535479069,0.008510638028383255,0.010638297535479069,0.029787234961986542,0.0,0.9997726082801819,0.7722598910331726,0.851054847240448,3.8171908855438232,0.025417014956474304,0.025393687188625336,0.02534073404967785,0.025309087708592415,0.029070599004626274,0.3723478317260742,0.3784654438495636,0.3745700716972351,0.3711321949958801,0.4143073260784149,0.12220263481140137,0.12180376052856445,0.1216932088136673,0.1216074749827385,0.13954904675483704,0.9996151328086853,0.7639089822769165,0.9665231108665466,0.8438818454742432,0.9957716464996338,0.9936708807945251
7,1863,,,,,,,,,,12.018508911132812,11.933476448059082,11.981760025024414,12.01984977722168,12.041577339172363,-5.566511163124233e-07,4.23903751373291,0.031201094388961792,0.03144149109721184,0.031182752922177315,0.03117518499493599,0.038553107529878616,0.3939528465270996,0.3978603780269623,0.3946704566478729,0.39418044686317444,0.45803067088127136,0.1332327276468277,0.13383713364601135,0.13324478268623352,0.133192777633667,0.1577802300453186,,,,,,,,,,,,,,,,,,,,,,,,,,,,,,,,,,,,
8,1899,,,,,,,,,,,,,,,,,,,,,,,,,,,,,,,,9.999999747378752e-05,9.999999747378752e-05,3.232564267818816e-06,,,,,,,,,,,,,,,,,,,,,,,,,,,,,,,,,
8,1949,,,,,,,,,,,,,,,,,,,,,,,,,,,,,,,,9.999999747378752e-05,9.999999747378752e-05,3.232564267818816e-06,,,,,,,,,,,,,,,,,,,,,,,,,,,,,,,,,
8,1999,,,,,,,,,,,,,,,,,,,,,,,,,,,,,,,,9.999999747378752e-05,9.999999747378752e-05,3.232564267818816e-06,,,,,,,,,,,,,,,,,,,,,,,,,,,,,,,,,
8,2049,,,,,,,,,,,,,,,,,,,,,,,,,,,,,,,,9.999999747378752e-05,9.999999747378752e-05,3.232564267818816e-06,,,,,,,,,,,,,,,,,,,,,,,,,,,,,,,,,
8,2096,,,,,,,,,,,,,,,,,,,,,,,,,,,,,,,,,,,0.76072096824646,0.9947090148925781,0.012765957042574883,0.010638297535479069,0.010638297535479069,0.010638297535479069,0.023404255509376526,0.0,0.999691367149353,0.7701329588890076,0.846624493598938,3.8093535900115967,0.025748098269104958,0.02591719850897789,0.025939755141735077,0.025897180661559105,0.029331613332033157,0.36835777759552,0.37441036105155945,0.3657494783401489,0.36735138297080994,0.4085594713687897,0.12334692478179932,0.12327263504266739,0.12313993275165558,0.12291760742664337,0.13770128786563873,0.9996683597564697,0.76072096824646,0.9667229056358337,0.8407173156738281,0.9978768825531006,0.9915611743927002
8,2096,,,,,,,,,,11.939109802246094,11.905579566955566,11.919260025024414,11.928112030029297,11.984173774719238,0.013067630119621754,4.232418537139893,0.03173792362213135,0.03172800689935684,0.03165207803249359,0.03168361634016037,0.038296736776828766,0.39295586943626404,0.39239177107810974,0.3922033905982971,0.3927570581436157,0.4387343227863312,0.13568250834941864,0.13528265058994293,0.13528122007846832,0.13553453981876373,0.15716178715229034,,,,,,,,,,,,,,,,,,,,,,,,,,,,,,,,,,,,
9,2099,,,,,,,,,,,,,,,,,,,,,,,,,,,,,,,,9.999999747378752e-05,9.999999747378752e-05,3.232564267818816e-06,,,,,,,,,,,,,,,,,,,,,,,,,,,,,,,,,
9,2149,,,,,,,,,,,,,,,,,,,,,,,,,,,,,,,,9.999999747378752e-05,9.999999747378752e-05,3.232564267818816e-06,,,,,,,,,,,,,,,,,,,,,,,,,,,,,,,,,
9,2199,,,,,,,,,,,,,,,,,,,,,,,,,,,,,,,,9.999999747378752e-05,9.999999747378752e-05,3.232564267818816e-06,,,,,,,,,,,,,,,,,,,,,,,,,,,,,,,,,
9,2249,,,,,,,,,,,,,,,,,,,,,,,,,,,,,,,,9.999999747378752e-05,9.999999747378752e-05,3.232564267818816e-06,,,,,,,,,,,,,,,,,,,,,,,,,,,,,,,,,
9,2299,,,,,,,,,,,,,,,,,,,,,,,,,,,,,,,,9.999999747378752e-05,9.999999747378752e-05,3.232564267818816e-06,,,,,,,,,,,,,,,,,,,,,,,,,,,,,,,,,
9,2329,,,,,,,,,,,,,,,,,,,,,,,,,,,,,,,,,,,0.7629541754722595,0.9957716464996338,0.008510638028383255,0.008510638028383255,0.006382978521287441,0.008510638028383255,0.012765957042574883,0.0,0.9996057748794556,0.7740843296051025,0.851054847240448,3.800957441329956,0.025081561878323555,0.02521163783967495,0.025201700627803802,0.025176633149385452,0.028446614742279053,0.37447360157966614,0.38036832213401794,0.37713220715522766,0.3764874339103699,0.40431657433509827,0.12143376469612122,0.12199113517999649,0.12167506664991379,0.12180826812982559,0.13438603281974792,0.9993758797645569,0.7629541754722595,0.9636267423629761,0.8495780825614929,0.9978813529014587,0.9936708807945251
9,2329,,,,,,,,,,11.933208465576172,11.891094207763672,11.915236473083496,11.934012413024902,11.936963081359863,-7.367440844063822e-07,4.163150787353516,0.030785171315073967,0.030895069241523743,0.03072482720017433,0.03069838136434555,0.03758851811289787,0.38995233178138733,0.39013671875,0.38902080059051514,0.3895561695098877,0.43958309292793274,0.1317475140094757,0.13166143000125885,0.13126270473003387,0.13147863745689392,0.1545703262090683,,,,,,,,,,,,,,,,,,,,,,,,,,,,,,,,,,,,
10,2349,,,,,,,,,,,,,,,,,,,,,,,,,,,,,,,,9.999999747378752e-05,9.999999747378752e-05,3.232564267818816e-06,,,,,,,,,,,,,,,,,,,,,,,,,,,,,,,,,
10,2399,,,,,,,,,,,,,,,,,,,,,,,,,,,,,,,,9.999999747378752e-05,9.999999747378752e-05,3.232564267818816e-06,,,,,,,,,,,,,,,,,,,,,,,,,,,,,,,,,
10,2449,,,,,,,,,,,,,,,,,,,,,,,,,,,,,,,,9.999999747378752e-05,9.999999747378752e-05,3.232564267818816e-06,,,,,,,,,,,,,,,,,,,,,,,,,,,,,,,,,
10,2499,,,,,,,,,,,,,,,,,,,,,,,,,,,,,,,,9.999999747378752e-05,9.999999747378752e-05,3.232564267818816e-06,,,,,,,,,,,,,,,,,,,,,,,,,,,,,,,,,
10,2549,,,,,,,,,,,,,,,,,,,,,,,,,,,,,,,,9.999999747378752e-05,9.999999747378752e-05,3.232564267818816e-06,,,,,,,,,,,,,,,,,,,,,,,,,,,,,,,,,
10,2562,,,,,,,,,,,,,,,,,,,,,,,,,,,,,,,,,,,0.7599587440490723,0.9947090148925781,0.01702127605676651,0.01702127605676651,0.0191489364951849,0.014893617480993271,0.03191489353775978,0.0,0.9996675252914429,0.7711338400840759,0.852742612361908,3.94551944732666,0.026250330731272697,0.025661984458565712,0.02603229321539402,0.025908928364515305,0.030831443145871162,0.39207878708839417,0.3887820243835449,0.3906540274620056,0.3924045264720917,0.4258803129196167,0.12566041946411133,0.1224328950047493,0.12419583648443222,0.12375005334615707,0.14510823786258698,0.9997507929801941,0.7599587440490723,0.9734626412391663,0.8443037867546082,0.9978768825531006,0.9915611743927002
10,2562,,,,,,,,,,12.001609802246094,11.938036918640137,11.988197326660156,12.007511138916016,11.969688415527344,-4.5841855467188e-07,4.129095554351807,0.030222466215491295,0.030441826209425926,0.03031156212091446,0.03026181273162365,0.03613203018903732,0.3896511197090149,0.39069658517837524,0.38969361782073975,0.3896807134151459,0.4349713623523712,0.13048548996448517,0.130959153175354,0.1304055154323578,0.1304810345172882,0.15144570171833038,,,,,,,,,,,,,,,,,,,,,,,,,,,,,,,,,,,,
11,2599,,,,,,,,,,,,,,,,,,,,,,,,,,,,,,,,9.999999747378752e-05,9.999999747378752e-05,3.232564267818816e-06,,,,,,,,,,,,,,,,,,,,,,,,,,,,,,,,,
11,2649,,,,,,,,,,,,,,,,,,,,,,,,,,,,,,,,9.999999747378752e-05,9.999999747378752e-05,3.232564267818816e-06,,,,,,,,,,,,,,,,,,,,,,,,,,,,,,,,,
11,2699,,,,,,,,,,,,,,,,,,,,,,,,,,,,,,,,9.999999747378752e-05,9.999999747378752e-05,3.232564267818816e-06,,,,,,,,,,,,,,,,,,,,,,,,,,,,,,,,,
11,2749,,,,,,,,,,,,,,,,,,,,,,,,,,,,,,,,9.999999747378752e-05,9.999999747378752e-05,3.232564267818816e-06,,,,,,,,,,,,,,,,,,,,,,,,,,,,,,,,,
11,2795,,,,,,,,,,,,,,,,,,,,,,,,,,,,,,,,,,,0.7683433890342712,0.9947201609611511,0.010638297535479069,0.010638297535479069,0.008510638028383255,0.010638297535479069,0.029787234961986542,0.0,0.9991042017936707,0.7699054479598999,0.848945140838623,3.7717158794403076,0.024925250560045242,0.025081241503357887,0.0249845739454031,0.02499549463391304,0.027987046167254448,0.37134188413619995,0.3815241754055023,0.3737948536872864,0.3719005286693573,0.4110819399356842,0.1191561371088028,0.12018441408872604,0.11941954493522644,0.11954741179943085,0.13279448449611664,0.9987453818321228,0.7683433890342712,0.9746164679527283,0.8419831395149231,0.9957716464996338,0.9936708807945251
11,2795,,,,,,,,,,11.966469764709473,11.953326225280762,11.971298217773438,11.963787078857422,12.019312858581543,-4.5841855467188e-07,4.113197326660156,0.030458061024546623,0.030445531010627747,0.030499311164021492,0.03046431764960289,0.035992201417684555,0.3890862464904785,0.38949042558670044,0.3892703354358673,0.389087975025177,0.431509405374527,0.129783496260643,0.1295381337404251,0.1296437531709671,0.1296311318874359,0.14913180470466614,,,,,,,,,,,,,,,,,,,,,,,,,,,,,,,,,,,,
12,2799,,,,,,,,,,,,,,,,,,,,,,,,,,,,,,,,9.999999747378752e-05,9.999999747378752e-05,3.232564267818816e-06,,,,,,,,,,,,,,,,,,,,,,,,,,,,,,,,,
12,2849,,,,,,,,,,,,,,,,,,,,,,,,,,,,,,,,9.999999747378752e-05,9.999999747378752e-05,3.232564267818816e-06,,,,,,,,,,,,,,,,,,,,,,,,,,,,,,,,,
12,2899,,,,,,,,,,,,,,,,,,,,,,,,,,,,,,,,9.999999747378752e-05,9.999999747378752e-05,3.232564267818816e-06,,,,,,,,,,,,,,,,,,,,,,,,,,,,,,,,,
12,2949,,,,,,,,,,,,,,,,,,,,,,,,,,,,,,,,9.999999747378752e-05,9.999999747378752e-05,3.232564267818816e-06,,,,,,,,,,,,,,,,,,,,,,,,,,,,,,,,,
12,2999,,,,,,,,,,,,,,,,,,,,,,,,,,,,,,,,9.999999747378752e-05,9.999999747378752e-05,3.232564267818816e-06,,,,,,,,,,,,,,,,,,,,,,,,,,,,,,,,,
12,3028,,,,,,,,,,,,,,,,,,,,,,,,,,,,,,,,,,,0.7694410085678101,0.9947090148925781,0.010638297535479069,0.012765957042574883,0.010638297535479069,0.010638297535479069,0.023404255509376526,0.0,0.9992068409919739,0.7693038582801819,0.848312258720398,3.7020857334136963,0.024695537984371185,0.02461979165673256,0.024588899686932564,0.024597950279712677,0.027261437848210335,0.36854055523872375,0.3683592677116394,0.3679613471031189,0.3667231500148773,0.3932103216648102,0.11916574835777283,0.11902760714292526,0.11877662688493729,0.11889801174402237,0.12836872041225433,0.9991638660430908,0.7694410085678101,0.9771415591239929,0.8411392569541931,0.9978768825531006,0.9915611743927002
12,3028,,,,,,,,,,12.055793762207031,11.996244430541992,12.038358688354492,12.045063972473145,12.041577339172363,-4.0930228806246305e-07,4.059039115905762,0.029713105410337448,0.02972126193344593,0.02963869273662567,0.029637226834893227,0.03520563989877701,0.38390886783599854,0.3848804235458374,0.3846171498298645,0.3841506242752075,0.429254949092865,0.12852513790130615,0.12846319377422333,0.12819576263427734,0.12827584147453308,0.14786432683467865,,,,,,,,,,,,,,,,,,,,,,,,,,,,,,,,,,,,
13,3049,,,,,,,,,,,,,,,,,,,,,,,,,,,,,,,,9.999999747378752e-05,9.999999747378752e-05,3.232564267818816e-06,,,,,,,,,,,,,,,,,,,,,,,,,,,,,,,,,
13,3099,,,,,,,,,,,,,,,,,,,,,,,,,,,,,,,,9.999999747378752e-05,9.999999747378752e-05,3.232564267818816e-06,,,,,,,,,,,,,,,,,,,,,,,,,,,,,,,,,
13,3149,,,,,,,,,,,,,,,,,,,,,,,,,,,,,,,,9.999999747378752e-05,9.999999747378752e-05,3.232564267818816e-06,,,,,,,,,,,,,,,,,,,,,,,,,,,,,,,,,
13,3199,,,,,,,,,,,,,,,,,,,,,,,,,,,,,,,,9.999999747378752e-05,9.999999747378752e-05,3.232564267818816e-06,,,,,,,,,,,,,,,,,,,,,,,,,,,,,,,,,
13,3249,,,,,,,,,,,,,,,,,,,,,,,,,,,,,,,,9.999999747378752e-05,9.999999747378752e-05,3.232564267818816e-06,,,,,,,,,,,,,,,,,,,,,,,,,,,,,,,,,
13,3261,,,,,,,,,,,,,,,,,,,,,,,,,,,,,,,,,,,0.7727351188659668,0.9968320727348328,0.010638297535479069,0.010638297535479069,0.010638297535479069,0.010638297535479069,0.0191489364951849,0.0,0.999482274055481,0.7705712914466858,0.8468354344367981,3.848343849182129,0.024927187711000443,0.025013700127601624,0.024944107979536057,0.025141645222902298,0.033318955451250076,0.3658842146396637,0.37356042861938477,0.3690176010131836,0.36767417192459106,0.4413181245326996,0.1192428395152092,0.11970704048871994,0.11933984607458115,0.11951664835214615,0.15427440404891968,0.9992801547050476,0.7727351188659668,0.9792832732200623,0.847890317440033,0.9978858232498169,0.9957805871963501
13,3261,,,,,,,,,,11.956276893615723,11.922478675842285,11.939109802246094,11.94769287109375,11.973980903625488,-5.075348212812969e-07,4.087831497192383,0.02958020381629467,0.029653917998075485,0.029507998377084732,0.029531650245189667,0.037417590618133545,0.38424089550971985,0.3856546878814697,0.38381117582321167,0.38408800959587097,0.43918415904045105,0.1280631422996521,0.12827321887016296,0.1279543787240982,0.12797972559928894,0.1539282351732254,,,,,,,,,,,,,,,,,,,,,,,,,,,,,,,,,,,,
14,3299,,,,,,,,,,,,,,,,,,,,,,,,,,,,,,,,9.999999747378752e-05,9.999999747378752e-05,3.232564267818816e-06,,,,,,,,,,,,,,,,,,,,,,,,,,,,,,,,,
14,3349,,,,,,,,,,,,,,,,,,,,,,,,,,,,,,,,9.999999747378752e-05,9.999999747378752e-05,3.232564267818816e-06,,,,,,,,,,,,,,,,,,,,,,,,,,,,,,,,,
14,3399,,,,,,,,,,,,,,,,,,,,,,,,,,,,,,,,9.999999747378752e-05,9.999999747378752e-05,3.232564267818816e-06,,,,,,,,,,,,,,,,,,,,,,,,,,,,,,,,,
14,3449,,,,,,,,,,,,,,,,,,,,,,,,,,,,,,,,9.999999747378752e-05,9.999999747378752e-05,3.232564267818816e-06,,,,,,,,,,,,,,,,,,,,,,,,,,,,,,,,,
14,3494,,,,,,,,,,,,,,,,,,,,,,,,,,,,,,,,,,,0.7693455815315247,0.9957716464996338,0.010638297535479069,0.010638297535479069,0.010638297535479069,0.010638297535479069,0.010638297535479069,0.0,0.9995748400688171,0.7720791697502136,0.8468354344367981,3.812758207321167,0.024742893874645233,0.024681100621819496,0.02475067786872387,0.024699052795767784,0.02956981398165226,0.374016135931015,0.3761039972305298,0.37505996227264404,0.37355417013168335,0.42087891697883606,0.11999106407165527,0.11979110538959503,0.11997870355844498,0.11932851374149323,0.14637410640716553,0.9994454383850098,0.7693455815315247,0.9668610692024231,0.8398734331130981,0.9978813529014587,0.9936708807945251
14,3494,,,,,,,,,,12.020654678344727,11.976662635803223,12.011534690856934,12.018508911132812,12.01958179473877,-5.075348212812969e-07,4.0959882736206055,0.029570357874035835,0.029800590127706528,0.029566338285803795,0.029509995132684708,0.03743159398436546,0.383338063955307,0.38594216108322144,0.38409313559532166,0.38335922360420227,0.44268885254859924,0.12850506603717804,0.1287926286458969,0.12824268639087677,0.12830321490764618,0.15474270284175873,,,,,,,,,,,,,,,,,,,,,,,,,,,,,,,,,,,,
15,3499,,,,,,,,,,,,,,,,,,,,,,,,,,,,,,,,9.999999747378752e-05,9.999999747378752e-05,3.232564267818816e-06,,,,,,,,,,,,,,,,,,,,,,,,,,,,,,,,,
15,3549,,,,,,,,,,,,,,,,,,,,,,,,,,,,,,,,9.999999747378752e-05,9.999999747378752e-05,3.232564267818816e-06,,,,,,,,,,,,,,,,,,,,,,,,,,,,,,,,,
15,3599,,,,,,,,,,,,,,,,,,,,,,,,,,,,,,,,9.999999747378752e-05,9.999999747378752e-05,3.232564267818816e-06,,,,,,,,,,,,,,,,,,,,,,,,,,,,,,,,,
15,3649,,,,,,,,,,,,,,,,,,,,,,,,,,,,,,,,9.999999747378752e-05,9.999999747378752e-05,3.232564267818816e-06,,,,,,,,,,,,,,,,,,,,,,,,,,,,,,,,,
15,3699,,,,,,,,,,,,,,,,,,,,,,,,,,,,,,,,9.999999747378752e-05,9.999999747378752e-05,3.232564267818816e-06,,,,,,,,,,,,,,,,,,,,,,,,,,,,,,,,,
15,3727,,,,,,,,,,,,,,,,,,,,,,,,,,,,,,,,,,,0.7674112319946289,0.9947090148925781,0.0191489364951849,0.01702127605676651,0.021276595070958138,0.01702127605676651,0.025531914085149765,0.0,0.9996739029884338,0.7702603340148926,0.8487342000007629,3.821437358856201,0.024993183091282845,0.024876786395907402,0.024829857051372528,0.024977004155516624,0.02989991568028927,0.3783266842365265,0.38044580817222595,0.3781887888908386,0.3766177296638489,0.41834557056427,0.12059209495782852,0.11995323747396469,0.11910884827375412,0.11970747262239456,0.1414525955915451,0.9997936487197876,0.7674112319946289,0.9661309123039246,0.8411392569541931,0.9978768825531006,0.9915611743927002
15,3727,,,,,,,,,,11.988734245300293,11.9375,11.989538192749023,11.996512413024902,11.982028007507324,-5.402790179687145e-07,4.081521511077881,0.0301120113581419,0.030061647295951843,0.03006409853696823,0.030131809413433075,0.03519567474722862,0.3869631290435791,0.38579103350639343,0.3857539892196655,0.3856654167175293,0.42545050382614136,0.12982112169265747,0.1297256052494049,0.12961791455745697,0.12983909249305725,0.1480320394039154,,,,,,,,,,,,,,,,,,,,,,,,,,,,,,,,,,,,
16,3749,,,,,,,,,,,,,,,,,,,,,,,,,,,,,,,,9.999999747378752e-05,9.999999747378752e-05,3.232564267818816e-06,,,,,,,,,,,,,,,,,,,,,,,,,,,,,,,,,
16,3799,,,,,,,,,,,,,,,,,,,,,,,,,,,,,,,,9.999999747378752e-05,9.999999747378752e-05,3.232564267818816e-06,,,,,,,,,,,,,,,,,,,,,,,,,,,,,,,,,
16,3849,,,,,,,,,,,,,,,,,,,,,,,,,,,,,,,,9.999999747378752e-05,9.999999747378752e-05,3.232564267818816e-06,,,,,,,,,,,,,,,,,,,,,,,,,,,,,,,,,
16,3899,,,,,,,,,,,,,,,,,,,,,,,,,,,,,,,,9.999999747378752e-05,9.999999747378752e-05,3.232564267818816e-06,,,,,,,,,,,,,,,,,,,,,,,,,,,,,,,,,
16,3949,,,,,,,,,,,,,,,,,,,,,,,,,,,,,,,,9.999999747378752e-05,9.999999747378752e-05,3.232564267818816e-06,,,,,,,,,,,,,,,,,,,,,,,,,,,,,,,,,
16,3960,,,,,,,,,,,,,,,,,,,,,,,,,,,,,,,,,,,0.7713664770126343,0.9947090148925781,0.014893617480993271,0.010638297535479069,0.012765957042574883,0.014893617480993271,0.01702127605676651,0.0,0.9996936321258545,0.7704225182533264,0.8472573757171631,3.716015338897705,0.02499854564666748,0.024873817339539528,0.02474043145775795,0.024856790900230408,0.027000220492482185,0.37516096234321594,0.3686404824256897,0.3714519739151001,0.3744596838951111,0.3897498548030853,0.11901704221963882,0.11875864118337631,0.11786685138940811,0.1182398721575737,0.12821923196315765,0.9997333884239197,0.7713664770126343,0.9667695164680481,0.844092845916748,0.9978768825531006,0.9915611743927002
16,3960,,,,,,,,,,12.036748886108398,12.011802673339844,12.03245735168457,12.050161361694336,12.034066200256348,-4.420464563281712e-07,4.023038387298584,0.029881790280342102,0.029888086020946503,0.029837816953659058,0.029863504692912102,0.03548784926533699,0.3818015456199646,0.3816961646080017,0.38094672560691833,0.38127049803733826,0.41931867599487305,0.1267928034067154,0.1266123354434967,0.12652385234832764,0.12662003934383392,0.14505669474601746,,,,,,,,,,,,,,,,,,,,,,,,,,,,,,,,,,,,
17,3999,,,,,,,,,,,,,,,,,,,,,,,,,,,,,,,,9.999999747378752e-05,9.999999747378752e-05,3.232564267818816e-06,,,,,,,,,,,,,,,,,,,,,,,,,,,,,,,,,
17,4049,,,,,,,,,,,,,,,,,,,,,,,,,,,,,,,,9.999999747378752e-05,9.999999747378752e-05,3.232564267818816e-06,,,,,,,,,,,,,,,,,,,,,,,,,,,,,,,,,
17,4099,,,,,,,,,,,,,,,,,,,,,,,,,,,,,,,,9.999999747378752e-05,9.999999747378752e-05,3.232564267818816e-06,,,,,,,,,,,,,,,,,,,,,,,,,,,,,,,,,
17,4149,,,,,,,,,,,,,,,,,,,,,,,,,,,,,,,,9.999999747378752e-05,9.999999747378752e-05,3.232564267818816e-06,,,,,,,,,,,,,,,,,,,,,,,,,,,,,,,,,
17,4193,,,,,,,,,,,,,,,,,,,,,,,,,,,,,,,,,,,0.7628419995307922,0.9957716464996338,0.008510638028383255,0.012765957042574883,0.012765957042574883,0.010638297535479069,0.01702127605676651,0.0,0.9995663166046143,0.7720069289207458,0.8516877889633179,3.7799158096313477,0.025672320276498795,0.025477873161435127,0.025752296671271324,0.025842592120170593,0.026964126154780388,0.3772122859954834,0.372872918844223,0.3755686581134796,0.3770250678062439,0.3917858302593231,0.12229317426681519,0.12197652459144592,0.12287528067827225,0.12310727685689926,0.12819989025592804,0.9994179606437683,0.7628419995307922,0.9670419692993164,0.845358669757843,0.9978813529014587,0.9936708807945251
17,4193,,,,,,,,,,12.088787078857422,12.069206237792969,12.084763526916504,12.094420433044434,12.110246658325195,-3.765580913750455e-07,3.9948699474334717,0.029435712844133377,0.02956586703658104,0.029460454359650612,0.0295023862272501,0.03480296954512596,0.37760865688323975,0.3793635964393616,0.37809592485427856,0.3777937889099121,0.416572630405426,0.1265399307012558,0.12696309387683868,0.12646348774433136,0.12674176692962646,0.1440906822681427,,,,,,,,,,,,,,,,,,,,,,,,,,,,,,,,,,,,
18,4199,,,,,,,,,,,,,,,,,,,,,,,,,,,,,,,,9.999999747378752e-05,9.999999747378752e-05,3.232564267818816e-06,,,,,,,,,,,,,,,,,,,,,,,,,,,,,,,,,
18,4249,,,,,,,,,,,,,,,,,,,,,,,,,,,,,,,,9.999999747378752e-05,9.999999747378752e-05,3.232564267818816e-06,,,,,,,,,,,,,,,,,,,,,,,,,,,,,,,,,
18,4299,,,,,,,,,,,,,,,,,,,,,,,,,,,,,,,,9.999999747378752e-05,9.999999747378752e-05,3.232564267818816e-06,,,,,,,,,,,,,,,,,,,,,,,,,,,,,,,,,
18,4349,,,,,,,,,,,,,,,,,,,,,,,,,,,,,,,,9.999999747378752e-05,9.999999747378752e-05,3.232564267818816e-06,,,,,,,,,,,,,,,,,,,,,,,,,,,,,,,,,
18,4399,,,,,,,,,,,,,,,,,,,,,,,,,,,,,,,,9.999999747378752e-05,9.999999747378752e-05,3.232564267818816e-06,,,,,,,,,,,,,,,,,,,,,,,,,,,,,,,,,
18,4426,,,,,,,,,,,,,,,,,,,,,,,,,,,,,,,,,,,0.76143479347229,0.9957716464996338,0.010638297535479069,0.012765957042574883,0.010638297535479069,0.010638297535479069,0.014893617480993271,0.0,0.9982685446739197,0.7695382237434387,0.850210964679718,3.8958444595336914,0.0255152378231287,0.025435099378228188,0.025689344853162766,0.025878876447677612,0.030558114871382713,0.38197290897369385,0.3831058144569397,0.38298550248146057,0.3830071985721588,0.43088507652282715,0.1213100329041481,0.12095057964324951,0.12174109369516373,0.12241732329130173,0.1478336900472641,0.9983671307563782,0.76143479347229,0.9667033553123474,0.8356540203094482,0.9978813529014587,0.9936708807945251
18,4426,,,,,,,,,,12.047746658325195,12.021459579467773,12.055257797241211,12.046137809753418,12.070279121398926,-3.9293018971875426e-07,4.023218154907227,0.02916845865547657,0.029344815760850906,0.0292168240994215,0.029171541333198547,0.03519982099533081,0.3812842071056366,0.38326895236968994,0.38128674030303955,0.3815038204193115,0.4247336685657501,0.12695106863975525,0.12731294333934784,0.12708115577697754,0.12692642211914062,0.14704574644565582,,,,,,,,,,,,,,,,,,,,,,,,,,,,,,,,,,,,
19,4449,,,,,,,,,,,,,,,,,,,,,,,,,,,,,,,,9.999999747378752e-05,9.999999747378752e-05,3.232564267818816e-06,,,,,,,,,,,,,,,,,,,,,,,,,,,,,,,,,
19,4499,,,,,,,,,,,,,,,,,,,,,,,,,,,,,,,,9.999999747378752e-05,9.999999747378752e-05,3.232564267818816e-06,,,,,,,,,,,,,,,,,,,,,,,,,,,,,,,,,
19,4549,,,,,,,,,,,,,,,,,,,,,,,,,,,,,,,,9.999999747378752e-05,9.999999747378752e-05,3.232564267818816e-06,,,,,,,,,,,,,,,,,,,,,,,,,,,,,,,,,
19,4599,,,,,,,,,,,,,,,,,,,,,,,,,,,,,,,,9.999999747378752e-05,9.999999747378752e-05,3.232564267818816e-06,,,,,,,,,,,,,,,,,,,,,,,,,,,,,,,,,
19,4649,,,,,,,,,,,,,,,,,,,,,,,,,,,,,,,,9.999999747378752e-05,9.999999747378752e-05,3.232564267818816e-06,,,,,,,,,,,,,,,,,,,,,,,,,,,,,,,,,
19,4659,,,,,,,,,,,,,,,,,,,,,,,,,,,,,,,,,,,0.770165741443634,0.9968320727348328,0.006382978521287441,0.008510638028383255,0.006382978521287441,0.006382978521287441,0.012765957042574883,0.0,0.9984437227249146,0.769650936126709,0.8468354344367981,3.6858673095703125,0.02491539902985096,0.024685554206371307,0.024778159335255623,0.024893684312701225,0.026431182399392128,0.37061697244644165,0.36849620938301086,0.3682534694671631,0.3682134747505188,0.38619792461395264,0.11852768063545227,0.11815041303634644,0.11768028885126114,0.11818475276231766,0.12524163722991943,0.9984181523323059,0.770165741443634,0.9748885035514832,0.8521097302436829,0.9978858232498169,0.9957805871963501
19,4659,,,,,,,,,,11.992488861083984,11.978809356689453,11.968347549438477,11.9871244430542,11.99034309387207,-4.7479065301558876e-07,3.9908952713012695,0.02949361316859722,0.029527289792895317,0.029468921944499016,0.029454410076141357,0.033643871545791626,0.37979552149772644,0.38033223152160645,0.379757285118103,0.37945717573165894,0.41227230429649353,0.12735708057880402,0.12727615237236023,0.12714338302612305,0.12722447514533997,0.14166954159736633,,,,,,,,,,,,,,,,,,,,,,,,,,,,,,,,,,,,
20,4699,,,,,,,,,,,,,,,,,,,,,,,,,,,,,,,,9.999999747378752e-05,9.999999747378752e-05,3.232564267818816e-06,,,,,,,,,,,,,,,,,,,,,,,,,,,,,,,,,
20,4749,,,,,,,,,,,,,,,,,,,,,,,,,,,,,,,,9.999999747378752e-05,9.999999747378752e-05,3.232564267818816e-06,,,,,,,,,,,,,,,,,,,,,,,,,,,,,,,,,
20,4799,,,,,,,,,,,,,,,,,,,,,,,,,,,,,,,,9.999999747378752e-05,9.999999747378752e-05,3.232564267818816e-06,,,,,,,,,,,,,,,,,,,,,,,,,,,,,,,,,
20,4849,,,,,,,,,,,,,,,,,,,,,,,,,,,,,,,,9.999999747378752e-05,9.999999747378752e-05,3.232564267818816e-06,,,,,,,,,,,,,,,,,,,,,,,,,,,,,,,,,
20,4892,,,,,,,,,,,,,,,,,,,,,,,,,,,,,,,,,,,0.7684118747711182,0.9968320727348328,0.008510638028383255,0.008510638028383255,0.010638297535479069,0.010638297535479069,0.01702127605676651,0.0,0.9985728859901428,0.7733649611473083,0.8544303774833679,3.7359044551849365,0.025459470227360725,0.02531692199409008,0.02532072737812996,0.025421475991606712,0.02723011188209057,0.3720588982105255,0.37086933851242065,0.37179386615753174,0.3716655671596527,0.3896489143371582,0.12040738761425018,0.11980225890874863,0.12007462978363037,0.1201302632689476,0.12764833867549896,0.9981585144996643,0.7684118747711182,0.970012903213501,0.8451476693153381,0.9978858232498169,0.9957805871963501
20,4892,,,,,,,,,,12.007242202758789,12.021459579467773,12.020386695861816,12.031652450561523,12.025483131408691,-5.239069196250057e-07,4.026281356811523,0.029604142531752586,0.02974081039428711,0.029752027243375778,0.029641173779964447,0.03536607697606087,0.381112664937973,0.38159459829330444,0.38118308782577515,0.38118183612823486,0.4216017425060272,0.12669815123081207,0.12711627781391144,0.12722672522068024,0.12694647908210754,0.14655615389347076,,,,,,,,,,,,,,,,,,,,,,,,,,,,,,,,,,,,
21,4899,,,,,,,,,,,,,,,,,,,,,,,,,,,,,,,,9.999999747378752e-05,9.999999747378752e-05,3.232564267818816e-06,,,,,,,,,,,,,,,,,,,,,,,,,,,,,,,,,
21,4949,,,,,,,,,,,,,,,,,,,,,,,,,,,,,,,,9.999999747378752e-05,9.999999747378752e-05,3.232564267818816e-06,,,,,,,,,,,,,,,,,,,,,,,,,,,,,,,,,
21,4999,,,,,,,,,,,,,,,,,,,,,,,,,,,,,,,,9.999999747378752e-05,9.999999747378752e-05,3.232564267818816e-06,,,,,,,,,,,,,,,,,,,,,,,,,,,,,,,,,
21,5049,,,,,,,,,,,,,,,,,,,,,,,,,,,,,,,,9.999999747378752e-05,9.999999747378752e-05,3.232564267818816e-06,,,,,,,,,,,,,,,,,,,,,,,,,,,,,,,,,
21,5099,,,,,,,,,,,,,,,,,,,,,,,,,,,,,,,,9.999999747378752e-05,9.999999747378752e-05,3.232564267818816e-06,,,,,,,,,,,,,,,,,,,,,,,,,,,,,,,,,
21,5125,,,,,,,,,,,,,,,,,,,,,,,,,,,,,,,,,,,0.7606107592582703,0.9947201609611511,0.014893617480993271,0.012765957042574883,0.014893617480993271,0.014893617480993271,0.0191489364951849,0.0,0.9966095089912415,0.7709267139434814,0.8464134931564331,3.8253254890441895,0.025896096602082253,0.025916507467627525,0.025884605944156647,0.0259581059217453,0.027972860261797905,0.37887024879455566,0.38036078214645386,0.3771272301673889,0.3778962790966034,0.3984181582927704,0.12378594279289246,0.12346173077821732,0.1230970025062561,0.12371760606765747,0.13319401443004608,0.9956717491149902,0.7606107592582703,0.963775634765625,0.8381856679916382,0.9957716464996338,0.9936708807945251
21,5125,,,,,,,,,,11.98739242553711,11.96995735168457,11.996512413024902,11.988197326660156,11.974785804748535,-4.420464563281712e-07,3.958940029144287,0.02924172580242157,0.029320046305656433,0.02928438037633896,0.029272764921188354,0.03449944406747818,0.37629473209381104,0.3772391676902771,0.3763803243637085,0.376029908657074,0.41402357816696167,0.12455683201551437,0.12465883791446686,0.12448685616254807,0.12449457496404648,0.14224277436733246,,,,,,,,,,,,,,,,,,,,,,,,,,,,,,,,,,,,
22,5149,,,,,,,,,,,,,,,,,,,,,,,,,,,,,,,,9.999999747378752e-05,9.999999747378752e-05,3.232564267818816e-06,,,,,,,,,,,,,,,,,,,,,,,,,,,,,,,,,
22,5199,,,,,,,,,,,,,,,,,,,,,,,,,,,,,,,,9.999999747378752e-05,9.999999747378752e-05,3.232564267818816e-06,,,,,,,,,,,,,,,,,,,,,,,,,,,,,,,,,
22,5249,,,,,,,,,,,,,,,,,,,,,,,,,,,,,,,,9.999999747378752e-05,9.999999747378752e-05,3.232564267818816e-06,,,,,,,,,,,,,,,,,,,,,,,,,,,,,,,,,
22,5299,,,,,,,,,,,,,,,,,,,,,,,,,,,,,,,,9.999999747378752e-05,9.999999747378752e-05,3.232564267818816e-06,,,,,,,,,,,,,,,,,,,,,,,,,,,,,,,,,
22,5349,,,,,,,,,,,,,,,,,,,,,,,,,,,,,,,,9.999999747378752e-05,9.999999747378752e-05,3.232564267818816e-06,,,,,,,,,,,,,,,,,,,,,,,,,,,,,,,,,
22,5358,,,,,,,,,,,,,,,,,,,,,,,,,,,,,,,,,,,0.7610475420951843,0.9936708807945251,0.014893617480993271,0.012765957042574883,0.012765957042574883,0.012765957042574883,0.0191489364951849,0.0,0.9983727931976318,0.7737495303153992,0.8443037867546082,3.761613368988037,0.025583894923329353,0.025473805144429207,0.025286978110671043,0.02548496425151825,0.02717708982527256,0.3744282126426697,0.37291261553764343,0.3709399700164795,0.37194761633872986,0.3931165039539337,0.12214416265487671,0.12211781740188599,0.12127556651830673,0.12163699418306351,0.12944252789020538,0.99630206823349,0.7610475420951843,0.9758887887001038,0.8295358419418335,0.9936708807945251,0.9936708807945251
22,5358,,,,,,,,,,12.050429344177246,12.031652450561523,12.046941757202148,12.055525779724121,12.065718650817871,-4.7479065301558876e-07,3.987178087234497,0.029452651739120483,0.029464052990078926,0.029430901631712914,0.029451699927449226,0.03492312505841255,0.37752029299736023,0.3789691627025604,0.37729647755622864,0.37753140926361084,0.4169781506061554,0.1258707344532013,0.12595024704933167,0.12580589950084686,0.12587368488311768,0.14413511753082275,,,,,,,,,,,,,,,,,,,,,,,,,,,,,,,,,,,,
23,5399,,,,,,,,,,,,,,,,,,,,,,,,,,,,,,,,9.999999747378752e-05,9.999999747378752e-05,3.232564267818816e-06,,,,,,,,,,,,,,,,,,,,,,,,,,,,,,,,,
23,5449,,,,,,,,,,,,,,,,,,,,,,,,,,,,,,,,9.999999747378752e-05,9.999999747378752e-05,3.232564267818816e-06,,,,,,,,,,,,,,,,,,,,,,,,,,,,,,,,,
23,5499,,,,,,,,,,,,,,,,,,,,,,,,,,,,,,,,9.999999747378752e-05,9.999999747378752e-05,3.232564267818816e-06,,,,,,,,,,,,,,,,,,,,,,,,,,,,,,,,,
23,5549,,,,,,,,,,,,,,,,,,,,,,,,,,,,,,,,9.999999747378752e-05,9.999999747378752e-05,3.232564267818816e-06,,,,,,,,,,,,,,,,,,,,,,,,,,,,,,,,,
23,5591,,,,,,,,,,,,,,,,,,,,,,,,,,,,,,,,,,,0.7618632316589355,0.9947090148925781,0.010638297535479069,0.010638297535479069,0.012765957042574883,0.010638297535479069,0.021276595070958138,0.0,0.9975962042808533,0.7725676894187927,0.844092845916748,3.7841625213623047,0.025429196655750275,0.02526809275150299,0.025389518588781357,0.025392359122633934,0.027008581906557083,0.3797764182090759,0.3738683760166168,0.37950438261032104,0.38016340136528015,0.3970144987106323,0.12180716544389725,0.12108165770769119,0.12195983529090881,0.1218886524438858,0.12896089255809784,0.9967026710510254,0.7618632316589355,0.9744486212730408,0.8434599041938782,0.9978768825531006,0.9915611743927002
23,5591,,,,,,,,,,12.110246658325195,12.10219955444336,12.115612030029297,12.108905792236328,12.140826225280762,-3.1106972642191977e-07,3.9035305976867676,0.02854805625975132,0.028630409389734268,0.028520507737994194,0.02854613959789276,0.03302718698978424,0.3736003041267395,0.37531882524490356,0.3735637068748474,0.3734605014324188,0.4070064425468445,0.12313669919967651,0.12361713498830795,0.12317010015249252,0.1231236681342125,0.1390613317489624,,,,,,,,,,,,,,,,,,,,,,,,,,,,,,,,,,,,
24,5599,,,,,,,,,,,,,,,,,,,,,,,,,,,,,,,,9.999999747378752e-05,9.999999747378752e-05,3.232564267818816e-06,,,,,,,,,,,,,,,,,,,,,,,,,,,,,,,,,
24,5649,,,,,,,,,,,,,,,,,,,,,,,,,,,,,,,,9.999999747378752e-05,9.999999747378752e-05,3.232564267818816e-06,,,,,,,,,,,,,,,,,,,,,,,,,,,,,,,,,
24,5699,,,,,,,,,,,,,,,,,,,,,,,,,,,,,,,,9.999999747378752e-05,9.999999747378752e-05,3.232564267818816e-06,,,,,,,,,,,,,,,,,,,,,,,,,,,,,,,,,
24,5749,,,,,,,,,,,,,,,,,,,,,,,,,,,,,,,,9.999999747378752e-05,9.999999747378752e-05,3.232564267818816e-06,,,,,,,,,,,,,,,,,,,,,,,,,,,,,,,,,
24,5799,,,,,,,,,,,,,,,,,,,,,,,,,,,,,,,,9.999999747378752e-05,9.999999747378752e-05,3.232564267818816e-06,,,,,,,,,,,,,,,,,,,,,,,,,,,,,,,,,
24,5824,,,,,,,,,,,,,,,,,,,,,,,,,,,,,,,,,,,0.7708719968795776,0.9947090148925781,0.008510638028383255,0.010638297535479069,0.008510638028383255,0.008510638028383255,0.012765957042574883,0.0,0.9973028302192688,0.7735864520072937,0.846202552318573,3.689671516418457,0.02492043748497963,0.024946140125393867,0.024911779910326004,0.024930439889431,0.026874033734202385,0.36328625679016113,0.3665991723537445,0.3639759421348572,0.3636009097099304,0.3890058398246765,0.11937299370765686,0.11886554211378098,0.11892898380756378,0.1192854717373848,0.12869183719158173,0.9982473254203796,0.7708719968795776,0.9678922891616821,0.8367088437080383,0.9978768825531006,0.9915611743927002
24,5824,,,,,,,,,,12.071084022521973,12.033798217773438,12.065718650817871,12.06518268585205,12.058744430541992,-3.9293018971875426e-07,3.909015655517578,0.02873850241303444,0.028975071385502815,0.028799820691347122,0.02869727648794651,0.03367643430829048,0.372742235660553,0.3728846311569214,0.3724130690097809,0.37276822328567505,0.4088631272315979,0.12291910499334335,0.12339989840984344,0.1230948194861412,0.12298854440450668,0.14005252718925476,,,,,,,,,,,,,,,,,,,,,,,,,,,,,,,,,,,,
25,5825,0.7649372220039368,0.9989440441131592,3.766977071762085,0.9999164342880249,0.7649372220039368,0.9778201580047607,0.8397462964057922,0.997890293598175,1.0,,,,,,,,,,,,,,,,,,,,,,,,,,,,,,,,,,,,,,,,,,,,,,,,,,,,,,,,,,
